-- phpMyAdmin SQL Dump
-- version 4.9.1
-- https://www.phpmyadmin.net/
--
-- Host: 127.0.0.1
-- Waktu pembuatan: 13 Bulan Mei 2020 pada 10.34
-- Versi server: 10.4.8-MariaDB
-- Versi PHP: 7.3.10

SET SQL_MODE = "NO_AUTO_VALUE_ON_ZERO";
SET AUTOCOMMIT = 0;
START TRANSACTION;
SET time_zone = "+00:00";


/*!40101 SET @OLD_CHARACTER_SET_CLIENT=@@CHARACTER_SET_CLIENT */;
/*!40101 SET @OLD_CHARACTER_SET_RESULTS=@@CHARACTER_SET_RESULTS */;
/*!40101 SET @OLD_COLLATION_CONNECTION=@@COLLATION_CONNECTION */;
/*!40101 SET NAMES utf8mb4 */;

--
-- Database: `mardiana_naivebayes`
--

-- --------------------------------------------------------

--
-- Struktur dari tabel `coba`
--

CREATE TABLE `coba` (
  `Id` int(11) NOT NULL,
  `data` varchar(255) DEFAULT NULL
) ENGINE=InnoDB DEFAULT CHARSET=utf8mb4;

-- --------------------------------------------------------

--
-- Struktur dari tabel `datalatih`
--

CREATE TABLE `datalatih` (
  `id` int(11) NOT NULL,
  `idtipekecanduan` int(11) NOT NULL,
  `id_gejala_1` tinyint(3) DEFAULT NULL,
  `id_gejala_2` tinyint(3) DEFAULT NULL,
  `id_gejala_3` tinyint(3) DEFAULT NULL,
  `id_gejala_4` tinyint(3) DEFAULT NULL,
  `id_gejala_5` tinyint(3) DEFAULT NULL,
  `id_gejala_6` tinyint(3) DEFAULT NULL,
  `id_gejala_7` tinyint(3) DEFAULT NULL,
  `id_gejala_8` tinyint(3) DEFAULT NULL,
  `id_gejala_9` tinyint(3) DEFAULT NULL,
  `id_gejala_10` tinyint(3) DEFAULT NULL,
  `id_gejala_11` tinyint(3) DEFAULT NULL,
  `id_gejala_12` tinyint(3) DEFAULT NULL,
  `id_gejala_13` tinyint(3) DEFAULT NULL,
  `id_gejala_14` tinyint(3) DEFAULT NULL,
  `id_gejala_15` tinyint(3) DEFAULT NULL,
  `id_gejala_16` tinyint(3) DEFAULT NULL,
  `id_gejala_17` tinyint(3) DEFAULT NULL,
  `id_gejala_18` tinyint(3) DEFAULT NULL,
  `id_gejala_19` tinyint(3) DEFAULT NULL,
  `id_gejala_20` tinyint(3) DEFAULT NULL,
  `id_gejala_21` tinyint(3) DEFAULT NULL,
  `id_gejala_22` tinyint(3) DEFAULT NULL,
  `id_gejala_23` tinyint(3) DEFAULT NULL,
  `id_gejala_24` tinyint(3) DEFAULT NULL,
  `id_gejala_25` tinyint(3) DEFAULT NULL,
  `id_gejala_26` tinyint(3) DEFAULT NULL
) ENGINE=InnoDB DEFAULT CHARSET=utf8mb4;

--
-- Dumping data untuk tabel `datalatih`
--

INSERT INTO `datalatih` (`id`, `idtipekecanduan`, `id_gejala_1`, `id_gejala_2`, `id_gejala_3`, `id_gejala_4`, `id_gejala_5`, `id_gejala_6`, `id_gejala_7`, `id_gejala_8`, `id_gejala_9`, `id_gejala_10`, `id_gejala_11`, `id_gejala_12`, `id_gejala_13`, `id_gejala_14`, `id_gejala_15`, `id_gejala_16`, `id_gejala_17`, `id_gejala_18`, `id_gejala_19`, `id_gejala_20`, `id_gejala_21`, `id_gejala_22`, `id_gejala_23`, `id_gejala_24`, `id_gejala_25`, `id_gejala_26`) VALUES
(1, 2, 2, 2, 3, 3, 2, 2, 2, 2, 2, 2, 2, 2, 2, 2, 2, 2, 2, 1, 2, 2, 2, 2, 2, 2, 2, 2),
(2, 2, 1, 2, 3, 2, 1, 1, 2, 1, 2, 2, 2, 3, 3, 2, 3, 3, 3, 2, 3, 3, 2, 2, 2, 3, 3, 2),
(3, 2, 1, 2, 2, 3, 1, 1, 2, 2, 1, 2, 2, 2, 1, 2, 2, 2, 2, 1, 2, 1, 1, 1, 1, 2, 2, 3),
(4, 2, 2, 2, 2, 2, 2, 1, 2, 2, 2, 2, 2, 2, 2, 2, 2, 3, 2, 3, 3, 3, 2, 2, 3, 1, 2, 3),
(5, 2, 1, 1, 1, 1, 1, 1, 2, 1, 3, 2, 2, 3, 3, 2, 2, 2, 2, 2, 3, 1, 1, 1, 1, 1, 2, 2),
(6, 2, 2, 2, 2, 2, 2, 1, 1, 1, 2, 2, 2, 2, 2, 2, 2, 2, 2, 2, 2, 2, 2, 2, 2, 2, 2, 2),
(7, 2, 1, 2, 2, 2, 2, 1, 1, 2, 2, 2, 2, 2, 2, 2, 2, 2, 2, 2, 2, 2, 1, 1, 1, 2, 2, 2),
(8, 2, 1, 1, 2, 2, 1, 1, 1, 1, 1, 2, 2, 2, 2, 1, 1, 2, 2, 2, 2, 2, 2, 2, 2, 2, 2, 2),
(9, 2, 1, 2, 2, 2, 2, 2, 2, 2, 2, 2, 2, 2, 2, 2, 2, 2, 2, 2, 3, 2, 2, 2, 3, 2, 2, 3),
(10, 2, 3, 3, 3, 2, 2, 2, 3, 2, 2, 2, 2, 2, 2, 2, 2, 3, 3, 2, 2, 3, 2, 3, 3, 3, 2, 3),
(11, 2, 2, 2, 3, 2, 2, 2, 1, 1, 1, 1, 2, 2, 2, 1, 2, 2, 1, 2, 2, 2, 1, 1, 3, 2, 2, 2),
(12, 2, 2, 2, 2, 3, 2, 2, 2, 2, 2, 3, 2, 3, 3, 2, 2, 3, 2, 2, 3, 2, 2, 2, 3, 2, 3, 3),
(13, 2, 1, 1, 3, 2, 1, 1, 1, 1, 1, 1, 1, 1, 3, 1, 1, 3, 3, 2, 3, 3, 2, 1, 2, 3, 3, 3),
(14, 2, 2, 2, 2, 2, 1, 1, 2, 1, 1, 1, 2, 2, 2, 2, 2, 2, 1, 2, 3, 1, 1, 1, 2, 1, 2, 2),
(15, 2, 1, 3, 2, 2, 1, 1, 2, 2, 2, 1, 2, 2, 3, 3, 2, 1, 2, 2, 3, 3, 2, 2, 3, 2, 2, 3),
(16, 2, 1, 2, 2, 2, 1, 2, 3, 2, 2, 2, 2, 3, 3, 2, 2, 2, 2, 2, 3, 2, 2, 2, 2, 2, 2, 2),
(17, 2, 2, 2, 2, 3, 2, 2, 2, 2, 2, 2, 2, 2, 3, 2, 3, 2, 2, 2, 3, 2, 2, 2, 3, 2, 3, 2),
(18, 2, 2, 2, 3, 3, 2, 1, 1, 1, 1, 2, 2, 2, 3, 2, 1, 1, 1, 2, 3, 2, 1, 2, 3, 3, 2, 3),
(19, 2, 2, 2, 2, 2, 2, 2, 2, 2, 2, 1, 1, 2, 2, 1, 1, 2, 1, 1, 3, 2, 2, 2, 2, 1, 3, 1),
(20, 2, 1, 1, 1, 1, 1, 1, 1, 1, 1, 1, 1, 1, 3, 1, 2, 3, 1, 3, 2, 2, 2, 2, 2, 1, 2, 2),
(21, 2, 2, 2, 2, 2, 2, 2, 2, 2, 2, 2, 2, 3, 2, 2, 2, 2, 3, 2, 2, 2, 2, 2, 3, 2, 2, 3),
(22, 2, 2, 2, 2, 2, 2, 1, 2, 2, 1, 2, 2, 2, 2, 2, 2, 2, 2, 2, 2, 2, 2, 2, 2, 2, 2, 2),
(23, 2, 2, 2, 2, 2, 2, 2, 2, 2, 2, 2, 2, 2, 2, 2, 2, 2, 2, 2, 2, 2, 2, 2, 2, 2, 2, 2),
(24, 2, 1, 1, 1, 1, 1, 1, 1, 1, 1, 1, 1, 1, 1, 1, 1, 1, 1, 1, 1, 1, 1, 1, 1, 1, 1, 1),
(25, 1, 1, 2, 2, 2, 1, 1, 1, 1, 1, 1, 1, 2, 2, 1, 1, 1, 1, 2, 2, 1, 1, 2, 2, 2, 1, 2),
(26, 3, 3, 3, 2, 2, 2, 2, 3, 2, 3, 3, 3, 3, 3, 2, 2, 2, 3, 3, 3, 3, 3, 3, 3, 3, 3, 3),
(27, 3, 3, 3, 2, 3, 2, 2, 2, 2, 2, 2, 3, 3, 3, 3, 2, 3, 2, 3, 3, 3, 3, 3, 3, 3, 3, 3),
(28, 1, 1, 1, 1, 1, 1, 1, 1, 1, 1, 1, 1, 1, 1, 1, 1, 1, 1, 1, 1, 1, 1, 1, 1, 1, 1, 1),
(29, 2, 2, 2, 2, 2, 2, 1, 1, 2, 2, 1, 2, 4, 2, 2, 4, 2, 1, 1, 2, 2, 3, 3, 3, 2, 2, 2),
(30, 2, 1, 1, 3, 1, 1, 1, 3, 1, 1, 1, 1, 3, 1, 1, 1, 3, 1, 1, 1, 1, 1, 3, 3, 1, 3, 3),
(31, 2, 2, 3, 3, 2, 2, 1, 2, 1, 1, 2, 2, 2, 2, 2, 1, 1, 1, 2, 3, 2, 2, 1, 2, 1, 2, 3),
(32, 2, 2, 2, 3, 2, 2, 2, 1, 1, 1, 1, 2, 2, 2, 1, 2, 2, 1, 2, 2, 2, 1, 1, 3, 2, 2, 2),
(33, 2, 2, 3, 2, 3, 1, 1, 1, 1, 1, 3, 1, 2, 3, 1, 2, 3, 3, 2, 2, 2, 2, 2, 2, 3, 3, 3),
(34, 2, 3, 2, 3, 2, 2, 2, 2, 1, 1, 2, 2, 2, 2, 3, 3, 3, 2, 3, 3, 3, 2, 2, 3, 2, 2, 2),
(35, 2, 2, 2, 2, 2, 2, 2, 2, 2, 2, 2, 2, 2, 2, 2, 2, 2, 1, 2, 2, 2, 2, 2, 2, 2, 2, 1),
(36, 2, 2, 2, 2, 2, 1, 1, 1, 1, 1, 1, 2, 2, 2, 2, 2, 2, 2, 1, 1, 2, 1, 2, 2, 1, 1, 1),
(37, 2, 2, 2, 2, 2, 2, 2, 2, 2, 2, 2, 2, 2, 2, 2, 2, 2, 1, 2, 2, 2, 2, 2, 2, 2, 2, 2),
(38, 2, 1, 3, 2, 3, 2, 1, 1, 1, 2, 2, 1, 3, 3, 2, 2, 3, 3, 2, 3, 3, 2, 2, 3, 3, 4, 4),
(39, 2, 2, 1, 1, 2, 2, 1, 1, 2, 1, 1, 2, 2, 2, 2, 2, 1, 2, 2, 2, 2, 2, 2, 2, 2, 2, 1),
(40, 2, 2, 2, 2, 2, 2, 2, 2, 2, 2, 2, 2, 2, 2, 2, 2, 2, 2, 2, 2, 2, 2, 2, 2, 2, 2, 2),
(41, 3, 2, 3, 3, 3, 2, 1, 2, 1, 2, 3, 3, 3, 3, 2, 3, 3, 3, 3, 3, 3, 2, 3, 3, 3, 3, 3),
(42, 2, 2, 1, 3, 3, 1, 1, 2, 1, 1, 1, 1, 1, 2, 1, 3, 3, 2, 2, 3, 2, 2, 2, 3, 2, 2, 3),
(43, 3, 2, 3, 3, 3, 3, 1, 2, 2, 2, 2, 2, 3, 2, 2, 4, 4, 4, 4, 3, 3, 3, 1, 3, 3, 1, 4),
(44, 2, 2, 2, 3, 2, 1, 1, 2, 1, 1, 2, 2, 3, 2, 2, 3, 2, 2, 2, 3, 2, 1, 2, 3, 2, 2, 3),
(45, 2, 2, 3, 3, 2, 2, 1, 1, 2, 1, 2, 2, 2, 3, 3, 3, 3, 3, 2, 2, 2, 2, 1, 4, 2, 2, 3),
(46, 2, 1, 2, 1, 3, 1, 1, 1, 1, 1, 2, 2, 2, 2, 3, 3, 3, 3, 3, 3, 3, 3, 2, 1, 3, 3, 3),
(47, 2, 2, 2, 2, 2, 2, 2, 2, 2, 2, 3, 2, 2, 3, 2, 2, 2, 2, 2, 2, 2, 2, 2, 2, 2, 2, 2),
(48, 2, 2, 3, 3, 3, 2, 2, 2, 2, 2, 2, 2, 2, 2, 3, 3, 3, 2, 2, 3, 2, 2, 2, 3, 3, 2, 3),
(49, 2, 2, 2, 4, 2, 1, 1, 1, 1, 1, 1, 2, 1, 2, 3, 1, 1, 2, 2, 2, 2, 2, 1, 2, 1, 2, 2),
(50, 2, 2, 2, 2, 2, 2, 1, 2, 2, 1, 1, 2, 1, 2, 2, 2, 1, 2, 2, 3, 2, 2, 2, 2, 3, 2, 4),
(51, 2, 2, 2, 2, 2, 1, 1, 1, 1, 1, 1, 1, 1, 2, 2, 2, 2, 1, 2, 2, 1, 2, 1, 1, 1, 2, 2),
(52, 2, 2, 3, 3, 2, 2, 2, 2, 2, 2, 2, 2, 2, 2, 2, 3, 2, 2, 2, 2, 2, 3, 2, 2, 2, 3, 3),
(53, 2, 2, 2, 3, 3, 1, 1, 2, 2, 2, 2, 3, 2, 2, 1, 1, 2, 1, 2, 2, 2, 1, 2, 2, 1, 2, 3),
(54, 2, 3, 3, 3, 2, 2, 2, 1, 1, 2, 1, 2, 3, 3, 2, 1, 2, 4, 3, 2, 3, 3, 3, 3, 2, 4, 4),
(55, 2, 2, 2, 3, 3, 2, 1, 2, 1, 2, 2, 2, 2, 2, 3, 3, 3, 2, 3, 3, 2, 2, 2, 2, 3, 2, 4),
(56, 2, 2, 2, 3, 1, 1, 1, 2, 1, 1, 2, 2, 3, 3, 2, 3, 2, 2, 2, 3, 3, 2, 1, 2, 2, 3, 3),
(57, 2, 2, 3, 3, 3, 2, 2, 1, 2, 2, 1, 2, 3, 2, 3, 3, 3, 3, 3, 3, 3, 3, 3, 3, 2, 3, 3),
(58, 2, 3, 3, 3, 2, 2, 1, 1, 1, 2, 2, 2, 2, 2, 1, 2, 2, 1, 1, 2, 3, 3, 2, 2, 1, 2, 2),
(59, 2, 3, 3, 3, 3, 2, 1, 2, 2, 2, 2, 2, 2, 2, 2, 3, 3, 2, 3, 3, 3, 2, 2, 2, 2, 2, 3),
(60, 2, 3, 3, 3, 2, 2, 2, 3, 1, 1, 2, 3, 1, 1, 1, 1, 1, 1, 3, 3, 3, 3, 2, 2, 2, 2, 2),
(61, 2, 2, 3, 3, 3, 1, 2, 2, 2, 2, 2, 2, 2, 2, 2, 2, 2, 2, 3, 2, 3, 3, 3, 2, 2, 2, 2),
(62, 2, 2, 3, 3, 3, 1, 1, 2, 2, 1, 2, 2, 3, 2, 3, 2, 2, 2, 2, 3, 2, 2, 2, 2, 2, 2, 3),
(63, 2, 2, 3, 3, 2, 2, 2, 2, 2, 2, 3, 2, 2, 3, 2, 2, 3, 2, 2, 3, 3, 2, 3, 2, 3, 3, 2),
(64, 2, 2, 2, 3, 3, 1, 2, 2, 2, 2, 2, 2, 3, 3, 2, 2, 3, 2, 2, 2, 2, 2, 2, 3, 2, 2, 3),
(65, 2, 2, 2, 2, 1, 2, 2, 1, 1, 1, 2, 2, 1, 3, 2, 3, 3, 3, 3, 3, 2, 1, 2, 2, 2, 3, 3),
(66, 2, 2, 4, 3, 3, 3, 1, 2, 2, 1, 2, 2, 2, 2, 2, 2, 2, 1, 1, 2, 3, 3, 2, 2, 1, 2, 3),
(67, 2, 2, 2, 2, 2, 1, 1, 3, 2, 1, 2, 2, 2, 2, 2, 2, 2, 2, 2, 2, 2, 1, 2, 2, 2, 2, 2),
(68, 2, 3, 3, 3, 2, 2, 1, 1, 1, 2, 2, 2, 2, 2, 1, 2, 2, 1, 1, 2, 3, 3, 2, 2, 1, 2, 2),
(69, 2, 2, 4, 4, 4, 4, 2, 2, 2, 2, 2, 2, 2, 2, 2, 3, 2, 2, 2, 2, 2, 2, 2, 2, 2, 2, 2),
(70, 2, 1, 1, 2, 2, 2, 1, 1, 1, 1, 1, 2, 2, 2, 2, 2, 1, 2, 1, 2, 1, 1, 1, 2, 1, 1, 1);

-- --------------------------------------------------------

--
-- Struktur dari tabel `datauji`
--

CREATE TABLE `datauji` (
  `Id` int(11) NOT NULL,
  `iduser` int(11) DEFAULT NULL,
  `idtipekecanduan` int(11) DEFAULT NULL,
  `tanggal` date DEFAULT NULL
) ENGINE=InnoDB DEFAULT CHARSET=utf8mb4;

--
-- Dumping data untuk tabel `datauji`
--

INSERT INTO `datauji` (`Id`, `iduser`, `idtipekecanduan`, `tanggal`) VALUES
(10, 5, 3, '2020-05-13');

-- --------------------------------------------------------

--
-- Struktur dari tabel `detail_datauji`
--

CREATE TABLE `detail_datauji` (
  `id_datauji` int(11) NOT NULL,
  `id_gejala_1` tinyint(3) DEFAULT NULL,
  `id_gejala_2` tinyint(3) DEFAULT NULL,
  `id_gejala_3` tinyint(3) DEFAULT NULL,
  `id_gejala_4` tinyint(3) DEFAULT NULL,
  `id_gejala_5` tinyint(3) DEFAULT NULL,
  `id_gejala_6` tinyint(3) DEFAULT NULL,
  `id_gejala_7` tinyint(3) DEFAULT NULL,
  `id_gejala_8` tinyint(3) DEFAULT NULL,
  `id_gejala_9` tinyint(3) DEFAULT NULL,
  `id_gejala_10` tinyint(3) DEFAULT NULL,
  `id_gejala_11` tinyint(3) DEFAULT NULL,
  `id_gejala_12` tinyint(3) DEFAULT NULL,
  `id_gejala_13` tinyint(3) DEFAULT NULL,
  `id_gejala_14` tinyint(3) DEFAULT NULL,
  `id_gejala_15` tinyint(3) DEFAULT NULL,
  `id_gejala_16` tinyint(3) DEFAULT NULL,
  `id_gejala_17` tinyint(3) DEFAULT NULL,
  `id_gejala_18` tinyint(3) DEFAULT NULL,
  `id_gejala_19` tinyint(3) DEFAULT NULL,
  `id_gejala_20` tinyint(3) DEFAULT NULL,
  `id_gejala_21` tinyint(3) DEFAULT NULL,
  `id_gejala_22` tinyint(3) DEFAULT NULL,
  `id_gejala_23` tinyint(3) DEFAULT NULL,
  `id_gejala_24` tinyint(3) DEFAULT NULL,
  `id_gejala_25` tinyint(3) DEFAULT NULL,
  `id_gejala_26` tinyint(3) DEFAULT NULL,
  `bobot_jawaban` varchar(16) DEFAULT NULL
) ENGINE=InnoDB DEFAULT CHARSET=utf8mb4;

--
-- Dumping data untuk tabel `detail_datauji`
--

INSERT INTO `detail_datauji` (`id_datauji`, `id_gejala_1`, `id_gejala_2`, `id_gejala_3`, `id_gejala_4`, `id_gejala_5`, `id_gejala_6`, `id_gejala_7`, `id_gejala_8`, `id_gejala_9`, `id_gejala_10`, `id_gejala_11`, `id_gejala_12`, `id_gejala_13`, `id_gejala_14`, `id_gejala_15`, `id_gejala_16`, `id_gejala_17`, `id_gejala_18`, `id_gejala_19`, `id_gejala_20`, `id_gejala_21`, `id_gejala_22`, `id_gejala_23`, `id_gejala_24`, `id_gejala_25`, `id_gejala_26`, `bobot_jawaban`) VALUES
(10, 3, 3, 2, 4, 2, 1, 2, 3, 3, 1, 3, 2, 4, 2, 2, 3, 1, 4, 3, 2, 3, 3, 3, 3, 1, 1, '1.1924e-21');

-- --------------------------------------------------------

--
-- Struktur dari tabel `gejala`
--

CREATE TABLE `gejala` (
  `id` int(11) NOT NULL,
  `gejala` varchar(200) NOT NULL
) ENGINE=InnoDB DEFAULT CHARSET=utf8mb4;

--
-- Dumping data untuk tabel `gejala`
--

INSERT INTO `gejala` (`id`, `gejala`) VALUES
(79, 'Anakk Merasa Takut Jika Kalah Saing Gadget Dengan Temannya'),
(80, 'Anak Tidak Bisa Tenang Ketika Tidak Diberikan Gadget'),
(81, 'Anak Merasa Bosan Ketika Tidak Menggunakan Gadget'),
(82, 'Anak Tidak Dapat Bermain Gadget Hanya 1 Jam Saja'),
(83, 'Tangan Dan Kaki Anak Terasa Dingin Jika 15 Menit Tidak Membuka Gadget'),
(84, 'Anak Tidak Masuk Sekolah Karena Asik Bermain Gadget'),
(85, 'Anak Berkata Kasar Ketika Sedang Bermain Gadget'),
(86, 'Anak Merusak Barang Ketika Tidak Diberikan Gadget'),
(87, 'Anak Bertengkar Dengan Teman Karena Merebutkan Gadget'),
(88, 'Anak Bermain Gadget Secara Sembunyi-Sembunyi Dari Orang Tua Atau Guru'),
(89, 'Anak Berbohong Kepada Orang Lain Tentang Berapa Banyak Waktu Yang Dihabiskan Untuk Bermain Gadget'),
(90, 'Pada Saat Bermain Gadget, Anak Merasa Terganggu Jika Ditanya Oleh Orang Tua/Anggota Keluarga Mengenai Apa Yang Sedang Dilakukan'),
(91, 'Anak Tidak Peduli Dengan Lingkungan Sekitar Ketika Sedang Menggunakan Gadget'),
(92, 'Anak Lebih Memilih Kegembiraan Yang Di Dapat Dari Bermain Gadget Dari Pada Berelasi Dengan Keluarga?'),
(93, 'Anak Susah Makan Atau Malas Makan Ketika Sedang Asik Menggunakan Gadget'),
(94, 'Anak Melewatkan Tidur Untuk Bermain Gadget'),
(95, 'Anak Tidak Mau Belajar Karena Lebih Asik Bermain Gadget'),
(96, 'Nilai Tugas Dan Akademis Anak Mengalami Penurunan Akibat Jumlah Waktu Yang Dihabiskan Untuk Bermain Gadget'),
(97, 'Anak Menjadi Susah Diajak Berkomunikasi Ketika Asik Menggunakan Gadget'),
(98, 'Anak Merasa Sedih Jika Tidak Diberikan Gadget'),
(99, 'Anak Sering Berteriak-Teriak Jika Gadgetnya Diambil'),
(100, 'Dulu Anak Saya Tidak Memaksakan Kehendak, Ketika Menggunakan Gadget Menjadi Tidak Terkontrol'),
(101, 'Anak Menjadi Kesal Jika Seseorang Mengganggunya Saat Sedang Bermain Gadget'),
(102, 'Anak Menghabiskan Banyak Waktu Untuk Gadget'),
(103, 'Anak Tidak Bisa Dipanggil Ketika Bermain Gadget'),
(104, 'Anak Saya Tau Bahwa Bermain Gadget Terlalu Lama Tidak Baik, Tapi Tetap Dilakukan');

-- --------------------------------------------------------

--
-- Struktur dari tabel `gejala_datalatih`
--

CREATE TABLE `gejala_datalatih` (
  `id_datalatih` int(11) DEFAULT NULL,
  `id_gejala` tinyint(3) DEFAULT NULL,
  `nilai_gejala` tinyint(3) DEFAULT NULL
) ENGINE=InnoDB DEFAULT CHARSET=utf8mb4;

--
-- Dumping data untuk tabel `gejala_datalatih`
--

INSERT INTO `gejala_datalatih` (`id_datalatih`, `id_gejala`, `nilai_gejala`) VALUES
(1, 79, 2),
(1, 80, 2),
(1, 81, 3),
(1, 82, 3),
(1, 83, 2),
(1, 84, 2),
(1, 85, 2),
(1, 86, 2),
(1, 87, 2),
(1, 88, 2),
(1, 89, 2),
(1, 90, 2),
(1, 91, 2),
(1, 92, 2),
(1, 93, 2),
(1, 94, 2),
(1, 95, 2),
(1, 96, 1),
(1, 97, 2),
(1, 98, 2),
(1, 99, 2),
(1, 100, 2),
(1, 101, 2),
(1, 102, 2),
(1, 103, 2),
(1, 104, 2),
(2, 79, 1),
(2, 80, 2),
(2, 81, 3),
(2, 82, 2),
(2, 83, 1),
(2, 84, 1),
(2, 85, 2),
(2, 86, 1),
(2, 87, 2),
(2, 88, 2),
(2, 89, 2),
(2, 90, 3),
(2, 91, 3),
(2, 92, 2),
(2, 93, 3),
(2, 94, 3),
(2, 95, 3),
(2, 96, 2),
(2, 97, 3),
(2, 98, 3),
(2, 99, 2),
(2, 100, 2),
(2, 101, 2),
(2, 102, 3),
(2, 103, 3),
(2, 104, 2),
(3, 79, 1),
(3, 80, 2),
(3, 81, 2),
(3, 82, 3),
(3, 83, 1),
(3, 84, 1),
(3, 85, 2),
(3, 86, 2),
(3, 87, 1),
(3, 88, 2),
(3, 89, 2),
(3, 90, 2),
(3, 91, 1),
(3, 92, 2),
(3, 93, 2),
(3, 94, 2),
(3, 95, 2),
(3, 96, 1),
(3, 97, 2),
(3, 98, 1),
(3, 99, 1),
(3, 100, 1),
(3, 101, 1),
(3, 102, 2),
(3, 103, 2),
(3, 104, 3),
(4, 79, 2),
(4, 80, 2),
(4, 81, 2),
(4, 82, 2),
(4, 83, 2),
(4, 84, 1),
(4, 85, 2),
(4, 86, 2),
(4, 87, 2),
(4, 88, 2),
(4, 89, 2),
(4, 90, 2),
(4, 91, 2),
(4, 92, 2),
(4, 93, 2),
(4, 94, 3),
(4, 95, 2),
(4, 96, 3),
(4, 97, 3),
(4, 98, 3),
(4, 99, 2),
(4, 100, 2),
(4, 101, 3),
(4, 102, 1),
(4, 103, 2),
(4, 104, 3),
(5, 79, 1),
(5, 80, 1),
(5, 81, 1),
(5, 82, 1),
(5, 83, 1),
(5, 84, 1),
(5, 85, 2),
(5, 86, 1),
(5, 87, 3),
(5, 88, 2),
(5, 89, 2),
(5, 90, 3),
(5, 91, 3),
(5, 92, 2),
(5, 93, 2),
(5, 94, 2),
(5, 95, 2),
(5, 96, 2),
(5, 97, 3),
(5, 98, 1),
(5, 99, 1),
(5, 100, 1),
(5, 101, 1),
(5, 102, 1),
(5, 103, 2),
(5, 104, 2),
(6, 79, 2),
(6, 80, 2),
(6, 81, 2),
(6, 82, 2),
(6, 83, 2),
(6, 84, 1),
(6, 85, 1),
(6, 86, 1),
(6, 87, 2),
(6, 88, 2),
(6, 89, 2),
(6, 90, 2),
(6, 91, 2),
(6, 92, 2),
(6, 93, 2),
(6, 94, 2),
(6, 95, 2),
(6, 96, 2),
(6, 97, 2),
(6, 98, 2),
(6, 99, 2),
(6, 100, 2),
(6, 101, 2),
(6, 102, 2),
(6, 103, 2),
(6, 104, 2),
(7, 79, 1),
(7, 80, 2),
(7, 81, 2),
(7, 82, 2),
(7, 83, 2),
(7, 84, 1),
(7, 85, 1),
(7, 86, 2),
(7, 87, 2),
(7, 88, 2),
(7, 89, 2),
(7, 90, 2),
(7, 91, 2),
(7, 92, 2),
(7, 93, 2),
(7, 94, 2),
(7, 95, 2),
(7, 96, 2),
(7, 97, 2),
(7, 98, 2),
(7, 99, 1),
(7, 100, 1),
(7, 101, 1),
(7, 102, 2),
(7, 103, 2),
(7, 104, 2),
(8, 79, 1),
(8, 80, 1),
(8, 81, 2),
(8, 82, 2),
(8, 83, 1),
(8, 84, 1),
(8, 85, 1),
(8, 86, 1),
(8, 87, 1),
(8, 88, 2),
(8, 89, 2),
(8, 90, 2),
(8, 91, 2),
(8, 92, 1),
(8, 93, 1),
(8, 94, 2),
(8, 95, 2),
(8, 96, 2),
(8, 97, 2),
(8, 98, 2),
(8, 99, 2),
(8, 100, 2),
(8, 101, 2),
(8, 102, 2),
(8, 103, 2),
(8, 104, 2),
(9, 79, 1),
(9, 80, 2),
(9, 81, 2),
(9, 82, 2),
(9, 83, 2),
(9, 84, 2),
(9, 85, 2),
(9, 86, 2),
(9, 87, 2),
(9, 88, 2),
(9, 89, 2),
(9, 90, 2),
(9, 91, 2),
(9, 92, 2),
(9, 93, 2),
(9, 94, 2),
(9, 95, 2),
(9, 96, 2),
(9, 97, 3),
(9, 98, 2),
(9, 99, 2),
(9, 100, 2),
(9, 101, 3),
(9, 102, 2),
(9, 103, 2),
(9, 104, 3),
(10, 79, 3),
(10, 80, 3),
(10, 81, 3),
(10, 82, 2),
(10, 83, 2),
(10, 84, 2),
(10, 85, 3),
(10, 86, 2),
(10, 87, 2),
(10, 88, 2),
(10, 89, 2),
(10, 90, 2),
(10, 91, 2),
(10, 92, 2),
(10, 93, 2),
(10, 94, 3),
(10, 95, 3),
(10, 96, 2),
(10, 97, 2),
(10, 98, 3),
(10, 99, 2),
(10, 100, 3),
(10, 101, 3),
(10, 102, 3),
(10, 103, 2),
(10, 104, 3),
(11, 79, 2),
(11, 80, 2),
(11, 81, 3),
(11, 82, 2),
(11, 83, 2),
(11, 84, 2),
(11, 85, 1),
(11, 86, 1),
(11, 87, 1),
(11, 88, 1),
(11, 89, 2),
(11, 90, 2),
(11, 91, 2),
(11, 92, 1),
(11, 93, 2),
(11, 94, 2),
(11, 95, 1),
(11, 96, 2),
(11, 97, 2),
(11, 98, 2),
(11, 99, 1),
(11, 100, 1),
(11, 101, 3),
(11, 102, 2),
(11, 103, 2),
(11, 104, 2),
(12, 79, 2),
(12, 80, 2),
(12, 81, 2),
(12, 82, 3),
(12, 83, 2),
(12, 84, 2),
(12, 85, 2),
(12, 86, 2),
(12, 87, 2),
(12, 88, 3),
(12, 89, 2),
(12, 90, 3),
(12, 91, 3),
(12, 92, 2),
(12, 93, 2),
(12, 94, 3),
(12, 95, 2),
(12, 96, 2),
(12, 97, 3),
(12, 98, 2),
(12, 99, 2),
(12, 100, 2),
(12, 101, 3),
(12, 102, 2),
(12, 103, 3),
(12, 104, 3),
(13, 79, 1),
(13, 80, 1),
(13, 81, 3),
(13, 82, 2),
(13, 83, 1),
(13, 84, 1),
(13, 85, 1),
(13, 86, 1),
(13, 87, 1),
(13, 88, 1),
(13, 89, 1),
(13, 90, 1),
(13, 91, 3),
(13, 92, 1),
(13, 93, 1),
(13, 94, 3),
(13, 95, 3),
(13, 96, 2),
(13, 97, 3),
(13, 98, 3),
(13, 99, 2),
(13, 100, 1),
(13, 101, 2),
(13, 102, 3),
(13, 103, 3),
(13, 104, 3),
(14, 79, 2),
(14, 80, 2),
(14, 81, 2),
(14, 82, 2),
(14, 83, 1),
(14, 84, 1),
(14, 85, 2),
(14, 86, 1),
(14, 87, 1),
(14, 88, 1),
(14, 89, 2),
(14, 90, 2),
(14, 91, 2),
(14, 92, 2),
(14, 93, 2),
(14, 94, 2),
(14, 95, 1),
(14, 96, 2),
(14, 97, 3),
(14, 98, 1),
(14, 99, 1),
(14, 100, 1),
(14, 101, 2),
(14, 102, 1),
(14, 103, 2),
(14, 104, 2),
(15, 79, 1),
(15, 80, 3),
(15, 81, 2),
(15, 82, 2),
(15, 83, 1),
(15, 84, 1),
(15, 85, 2),
(15, 86, 2),
(15, 87, 2),
(15, 88, 1),
(15, 89, 2),
(15, 90, 2),
(15, 91, 3),
(15, 92, 3),
(15, 93, 2),
(15, 94, 1),
(15, 95, 2),
(15, 96, 2),
(15, 97, 3),
(15, 98, 3),
(15, 99, 2),
(15, 100, 2),
(15, 101, 3),
(15, 102, 2),
(15, 103, 2),
(15, 104, 3),
(16, 79, 1),
(16, 80, 2),
(16, 81, 2),
(16, 82, 2),
(16, 83, 1),
(16, 84, 2),
(16, 85, 3),
(16, 86, 2),
(16, 87, 2),
(16, 88, 2),
(16, 89, 2),
(16, 90, 3),
(16, 91, 3),
(16, 92, 2),
(16, 93, 2),
(16, 94, 2),
(16, 95, 2),
(16, 96, 2),
(16, 97, 3),
(16, 98, 2),
(16, 99, 2),
(16, 100, 2),
(16, 101, 2),
(16, 102, 2),
(16, 103, 2),
(16, 104, 2),
(17, 79, 2),
(17, 80, 2),
(17, 81, 2),
(17, 82, 3),
(17, 83, 2),
(17, 84, 2),
(17, 85, 2),
(17, 86, 2),
(17, 87, 2),
(17, 88, 2),
(17, 89, 2),
(17, 90, 2),
(17, 91, 3),
(17, 92, 2),
(17, 93, 3),
(17, 94, 2),
(17, 95, 2),
(17, 96, 2),
(17, 97, 3),
(17, 98, 2),
(17, 99, 2),
(17, 100, 2),
(17, 101, 3),
(17, 102, 2),
(17, 103, 3),
(17, 104, 2),
(18, 79, 2),
(18, 80, 2),
(18, 81, 3),
(18, 82, 3),
(18, 83, 2),
(18, 84, 1),
(18, 85, 1),
(18, 86, 1),
(18, 87, 1),
(18, 88, 2),
(18, 89, 2),
(18, 90, 2),
(18, 91, 3),
(18, 92, 2),
(18, 93, 1),
(18, 94, 1),
(18, 95, 1),
(18, 96, 2),
(18, 97, 3),
(18, 98, 2),
(18, 99, 1),
(18, 100, 2),
(18, 101, 3),
(18, 102, 3),
(18, 103, 2),
(18, 104, 3),
(19, 79, 2),
(19, 80, 2),
(19, 81, 2),
(19, 82, 2),
(19, 83, 2),
(19, 84, 2),
(19, 85, 2),
(19, 86, 2),
(19, 87, 2),
(19, 88, 1),
(19, 89, 1),
(19, 90, 2),
(19, 91, 2),
(19, 92, 1),
(19, 93, 1),
(19, 94, 2),
(19, 95, 1),
(19, 96, 1),
(19, 97, 3),
(19, 98, 2),
(19, 99, 2),
(19, 100, 2),
(19, 101, 2),
(19, 102, 1),
(19, 103, 3),
(19, 104, 1),
(20, 79, 1),
(20, 80, 1),
(20, 81, 1),
(20, 82, 1),
(20, 83, 1),
(20, 84, 1),
(20, 85, 1),
(20, 86, 1),
(20, 87, 1),
(20, 88, 1),
(20, 89, 1),
(20, 90, 1),
(20, 91, 3),
(20, 92, 1),
(20, 93, 2),
(20, 94, 3),
(20, 95, 1),
(20, 96, 3),
(20, 97, 2),
(20, 98, 2),
(20, 99, 2),
(20, 100, 2),
(20, 101, 2),
(20, 102, 1),
(20, 103, 2),
(20, 104, 2),
(21, 79, 2),
(21, 80, 2),
(21, 81, 2),
(21, 82, 2),
(21, 83, 2),
(21, 84, 2),
(21, 85, 2),
(21, 86, 2),
(21, 87, 2),
(21, 88, 2),
(21, 89, 2),
(21, 90, 3),
(21, 91, 2),
(21, 92, 2),
(21, 93, 2),
(21, 94, 2),
(21, 95, 3),
(21, 96, 2),
(21, 97, 2),
(21, 98, 2),
(21, 99, 2),
(21, 100, 2),
(21, 101, 3),
(21, 102, 2),
(21, 103, 2),
(21, 104, 3),
(22, 79, 2),
(22, 80, 2),
(22, 81, 2),
(22, 82, 2),
(22, 83, 2),
(22, 84, 1),
(22, 85, 2),
(22, 86, 2),
(22, 87, 1),
(22, 88, 2),
(22, 89, 2),
(22, 90, 2),
(22, 91, 2),
(22, 92, 2),
(22, 93, 2),
(22, 94, 2),
(22, 95, 2),
(22, 96, 2),
(22, 97, 2),
(22, 98, 2),
(22, 99, 2),
(22, 100, 2),
(22, 101, 2),
(22, 102, 2),
(22, 103, 2),
(22, 104, 2),
(23, 79, 2),
(23, 80, 2),
(23, 81, 2),
(23, 82, 2),
(23, 83, 2),
(23, 84, 2),
(23, 85, 2),
(23, 86, 2),
(23, 87, 2),
(23, 88, 2),
(23, 89, 2),
(23, 90, 2),
(23, 91, 2),
(23, 92, 2),
(23, 93, 2),
(23, 94, 2),
(23, 95, 2),
(23, 96, 2),
(23, 97, 2),
(23, 98, 2),
(23, 99, 2),
(23, 100, 2),
(23, 101, 2),
(23, 102, 2),
(23, 103, 2),
(23, 104, 2),
(24, 79, 1),
(24, 80, 1),
(24, 81, 1),
(24, 82, 1),
(24, 83, 1),
(24, 84, 1),
(24, 85, 1),
(24, 86, 1),
(24, 87, 1),
(24, 88, 1),
(24, 89, 1),
(24, 90, 1),
(24, 91, 1),
(24, 92, 1),
(24, 93, 1),
(24, 94, 1),
(24, 95, 1),
(24, 96, 1),
(24, 97, 1),
(24, 98, 1),
(24, 99, 1),
(24, 100, 1),
(24, 101, 1),
(24, 102, 1),
(24, 103, 1),
(24, 104, 1),
(25, 79, 1),
(25, 80, 2),
(25, 81, 2),
(25, 82, 2),
(25, 83, 1),
(25, 84, 1),
(25, 85, 1),
(25, 86, 1),
(25, 87, 1),
(25, 88, 1),
(25, 89, 1),
(25, 90, 2),
(25, 91, 2),
(25, 92, 1),
(25, 93, 1),
(25, 94, 1),
(25, 95, 1),
(25, 96, 2),
(25, 97, 2),
(25, 98, 1),
(25, 99, 1),
(25, 100, 2),
(25, 101, 2),
(25, 102, 2),
(25, 103, 1),
(25, 104, 2),
(26, 79, 3),
(26, 80, 3),
(26, 81, 2),
(26, 82, 2),
(26, 83, 2),
(26, 84, 2),
(26, 85, 3),
(26, 86, 2),
(26, 87, 3),
(26, 88, 3),
(26, 89, 3),
(26, 90, 3),
(26, 91, 3),
(26, 92, 2),
(26, 93, 2),
(26, 94, 2),
(26, 95, 3),
(26, 96, 3),
(26, 97, 3),
(26, 98, 3),
(26, 99, 3),
(26, 100, 3),
(26, 101, 3),
(26, 102, 3),
(26, 103, 3),
(26, 104, 3),
(27, 79, 3),
(27, 80, 3),
(27, 81, 2),
(27, 82, 3),
(27, 83, 2),
(27, 84, 2),
(27, 85, 2),
(27, 86, 2),
(27, 87, 2),
(27, 88, 2),
(27, 89, 3),
(27, 90, 3),
(27, 91, 3),
(27, 92, 3),
(27, 93, 2),
(27, 94, 3),
(27, 95, 2),
(27, 96, 3),
(27, 97, 3),
(27, 98, 3),
(27, 99, 3),
(27, 100, 3),
(27, 101, 3),
(27, 102, 3),
(27, 103, 3),
(27, 104, 3),
(28, 79, 1),
(28, 80, 1),
(28, 81, 1),
(28, 82, 1),
(28, 83, 1),
(28, 84, 1),
(28, 85, 1),
(28, 86, 1),
(28, 87, 1),
(28, 88, 1),
(28, 89, 1),
(28, 90, 1),
(28, 91, 1),
(28, 92, 1),
(28, 93, 1),
(28, 94, 1),
(28, 95, 1),
(28, 96, 1),
(28, 97, 1),
(28, 98, 1),
(28, 99, 1),
(28, 100, 1),
(28, 101, 1),
(28, 102, 1),
(28, 103, 1),
(28, 104, 1),
(29, 79, 2),
(29, 80, 2),
(29, 81, 2),
(29, 82, 2),
(29, 83, 2),
(29, 84, 1),
(29, 85, 1),
(29, 86, 2),
(29, 87, 2),
(29, 88, 1),
(29, 89, 2),
(29, 90, 4),
(29, 91, 2),
(29, 92, 2),
(29, 93, 4),
(29, 94, 2),
(29, 95, 1),
(29, 96, 1),
(29, 97, 2),
(29, 98, 2),
(29, 99, 3),
(29, 100, 3),
(29, 101, 3),
(29, 102, 2),
(29, 103, 2),
(29, 104, 2),
(30, 79, 1),
(30, 80, 1),
(30, 81, 3),
(30, 82, 1),
(30, 83, 1),
(30, 84, 1),
(30, 85, 3),
(30, 86, 1),
(30, 87, 1),
(30, 88, 1),
(30, 89, 1),
(30, 90, 3),
(30, 91, 1),
(30, 92, 1),
(30, 93, 1),
(30, 94, 3),
(30, 95, 1),
(30, 96, 1),
(30, 97, 1),
(30, 98, 1),
(30, 99, 1),
(30, 100, 3),
(30, 101, 3),
(30, 102, 1),
(30, 103, 3),
(30, 104, 3),
(31, 79, 2),
(31, 80, 3),
(31, 81, 3),
(31, 82, 2),
(31, 83, 2),
(31, 84, 1),
(31, 85, 2),
(31, 86, 1),
(31, 87, 1),
(31, 88, 2),
(31, 89, 2),
(31, 90, 2),
(31, 91, 2),
(31, 92, 2),
(31, 93, 1),
(31, 94, 1),
(31, 95, 1),
(31, 96, 2),
(31, 97, 3),
(31, 98, 2),
(31, 99, 2),
(31, 100, 1),
(31, 101, 2),
(31, 102, 1),
(31, 103, 2),
(31, 104, 3),
(32, 79, 2),
(32, 80, 2),
(32, 81, 3),
(32, 82, 2),
(32, 83, 2),
(32, 84, 2),
(32, 85, 1),
(32, 86, 1),
(32, 87, 1),
(32, 88, 1),
(32, 89, 2),
(32, 90, 2),
(32, 91, 2),
(32, 92, 1),
(32, 93, 2),
(32, 94, 2),
(32, 95, 1),
(32, 96, 2),
(32, 97, 2),
(32, 98, 2),
(32, 99, 1),
(32, 100, 1),
(32, 101, 3),
(32, 102, 2),
(32, 103, 2),
(32, 104, 2),
(33, 79, 2),
(33, 80, 3),
(33, 81, 2),
(33, 82, 3),
(33, 83, 1),
(33, 84, 1),
(33, 85, 1),
(33, 86, 1),
(33, 87, 1),
(33, 88, 3),
(33, 89, 1),
(33, 90, 2),
(33, 91, 3),
(33, 92, 1),
(33, 93, 2),
(33, 94, 3),
(33, 95, 3),
(33, 96, 2),
(33, 97, 2),
(33, 98, 2),
(33, 99, 2),
(33, 100, 2),
(33, 101, 2),
(33, 102, 3),
(33, 103, 3),
(33, 104, 3),
(34, 79, 3),
(34, 80, 2),
(34, 81, 3),
(34, 82, 2),
(34, 83, 2),
(34, 84, 2),
(34, 85, 2),
(34, 86, 1),
(34, 87, 1),
(34, 88, 2),
(34, 89, 2),
(34, 90, 2),
(34, 91, 2),
(34, 92, 3),
(34, 93, 3),
(34, 94, 3),
(34, 95, 2),
(34, 96, 3),
(34, 97, 3),
(34, 98, 3),
(34, 99, 2),
(34, 100, 2),
(34, 101, 3),
(34, 102, 2),
(34, 103, 2),
(34, 104, 2),
(35, 79, 2),
(35, 80, 2),
(35, 81, 2),
(35, 82, 2),
(35, 83, 2),
(35, 84, 2),
(35, 85, 2),
(35, 86, 2),
(35, 87, 2),
(35, 88, 2),
(35, 89, 2),
(35, 90, 2),
(35, 91, 2),
(35, 92, 2),
(35, 93, 2),
(35, 94, 2),
(35, 95, 1),
(35, 96, 2),
(35, 97, 2),
(35, 98, 2),
(35, 99, 2),
(35, 100, 2),
(35, 101, 2),
(35, 102, 2),
(35, 103, 2),
(35, 104, 1),
(36, 79, 2),
(36, 80, 2),
(36, 81, 2),
(36, 82, 2),
(36, 83, 1),
(36, 84, 1),
(36, 85, 1),
(36, 86, 1),
(36, 87, 1),
(36, 88, 1),
(36, 89, 2),
(36, 90, 2),
(36, 91, 2),
(36, 92, 2),
(36, 93, 2),
(36, 94, 2),
(36, 95, 2),
(36, 96, 1),
(36, 97, 1),
(36, 98, 2),
(36, 99, 1),
(36, 100, 2),
(36, 101, 2),
(36, 102, 1),
(36, 103, 1),
(36, 104, 1),
(37, 79, 2),
(37, 80, 2),
(37, 81, 2),
(37, 82, 2),
(37, 83, 2),
(37, 84, 2),
(37, 85, 2),
(37, 86, 2),
(37, 87, 2),
(37, 88, 2),
(37, 89, 2),
(37, 90, 2),
(37, 91, 2),
(37, 92, 2),
(37, 93, 2),
(37, 94, 2),
(37, 95, 1),
(37, 96, 2),
(37, 97, 2),
(37, 98, 2),
(37, 99, 2),
(37, 100, 2),
(37, 101, 2),
(37, 102, 2),
(37, 103, 2),
(37, 104, 2),
(38, 79, 1),
(38, 80, 3),
(38, 81, 2),
(38, 82, 3),
(38, 83, 2),
(38, 84, 1),
(38, 85, 1),
(38, 86, 1),
(38, 87, 2),
(38, 88, 2),
(38, 89, 1),
(38, 90, 3),
(38, 91, 3),
(38, 92, 2),
(38, 93, 2),
(38, 94, 3),
(38, 95, 3),
(38, 96, 2),
(38, 97, 3),
(38, 98, 3),
(38, 99, 2),
(38, 100, 2),
(38, 101, 3),
(38, 102, 3),
(38, 103, 4),
(38, 104, 4),
(39, 79, 2),
(39, 80, 1),
(39, 81, 1),
(39, 82, 2),
(39, 83, 2),
(39, 84, 1),
(39, 85, 1),
(39, 86, 2),
(39, 87, 1),
(39, 88, 1),
(39, 89, 2),
(39, 90, 2),
(39, 91, 2),
(39, 92, 2),
(39, 93, 2),
(39, 94, 1),
(39, 95, 2),
(39, 96, 2),
(39, 97, 2),
(39, 98, 2),
(39, 99, 2),
(39, 100, 2),
(39, 101, 2),
(39, 102, 2),
(39, 103, 2),
(39, 104, 1),
(40, 79, 2),
(40, 80, 2),
(40, 81, 2),
(40, 82, 2),
(40, 83, 2),
(40, 84, 2),
(40, 85, 2),
(40, 86, 2),
(40, 87, 2),
(40, 88, 2),
(40, 89, 2),
(40, 90, 2),
(40, 91, 2),
(40, 92, 2),
(40, 93, 2),
(40, 94, 2),
(40, 95, 2),
(40, 96, 2),
(40, 97, 2),
(40, 98, 2),
(40, 99, 2),
(40, 100, 2),
(40, 101, 2),
(40, 102, 2),
(40, 103, 2),
(40, 104, 2),
(41, 79, 2),
(41, 80, 3),
(41, 81, 3),
(41, 82, 3),
(41, 83, 2),
(41, 84, 1),
(41, 85, 2),
(41, 86, 1),
(41, 87, 2),
(41, 88, 3),
(41, 89, 3),
(41, 90, 3),
(41, 91, 3),
(41, 92, 2),
(41, 93, 3),
(41, 94, 3),
(41, 95, 3),
(41, 96, 3),
(41, 97, 3),
(41, 98, 3),
(41, 99, 2),
(41, 100, 3),
(41, 101, 3),
(41, 102, 3),
(41, 103, 3),
(41, 104, 3),
(42, 79, 2),
(42, 80, 1),
(42, 81, 3),
(42, 82, 3),
(42, 83, 1),
(42, 84, 1),
(42, 85, 2),
(42, 86, 1),
(42, 87, 1),
(42, 88, 1),
(42, 89, 1),
(42, 90, 1),
(42, 91, 2),
(42, 92, 1),
(42, 93, 3),
(42, 94, 3),
(42, 95, 2),
(42, 96, 2),
(42, 97, 3),
(42, 98, 2),
(42, 99, 2),
(42, 100, 2),
(42, 101, 3),
(42, 102, 2),
(42, 103, 2),
(42, 104, 3),
(43, 79, 2),
(43, 80, 3),
(43, 81, 3),
(43, 82, 3),
(43, 83, 3),
(43, 84, 1),
(43, 85, 2),
(43, 86, 2),
(43, 87, 2),
(43, 88, 2),
(43, 89, 2),
(43, 90, 3),
(43, 91, 2),
(43, 92, 2),
(43, 93, 4),
(43, 94, 4),
(43, 95, 4),
(43, 96, 4),
(43, 97, 3),
(43, 98, 3),
(43, 99, 3),
(43, 100, 1),
(43, 101, 3),
(43, 102, 3),
(43, 103, 1),
(43, 104, 4),
(44, 79, 2),
(44, 80, 2),
(44, 81, 3),
(44, 82, 2),
(44, 83, 1),
(44, 84, 1),
(44, 85, 2),
(44, 86, 1),
(44, 87, 1),
(44, 88, 2),
(44, 89, 2),
(44, 90, 3),
(44, 91, 2),
(44, 92, 2),
(44, 93, 3),
(44, 94, 2),
(44, 95, 2),
(44, 96, 2),
(44, 97, 3),
(44, 98, 2),
(44, 99, 1),
(44, 100, 2),
(44, 101, 3),
(44, 102, 2),
(44, 103, 2),
(44, 104, 3),
(45, 79, 2),
(45, 80, 3),
(45, 81, 3),
(45, 82, 2),
(45, 83, 2),
(45, 84, 1),
(45, 85, 1),
(45, 86, 2),
(45, 87, 1),
(45, 88, 2),
(45, 89, 2),
(45, 90, 2),
(45, 91, 3),
(45, 92, 3),
(45, 93, 3),
(45, 94, 3),
(45, 95, 3),
(45, 96, 2),
(45, 97, 2),
(45, 98, 2),
(45, 99, 2),
(45, 100, 1),
(45, 101, 4),
(45, 102, 2),
(45, 103, 2),
(45, 104, 3),
(46, 79, 1),
(46, 80, 2),
(46, 81, 1),
(46, 82, 3),
(46, 83, 1),
(46, 84, 1),
(46, 85, 1),
(46, 86, 1),
(46, 87, 1),
(46, 88, 2),
(46, 89, 2),
(46, 90, 2),
(46, 91, 2),
(46, 92, 3),
(46, 93, 3),
(46, 94, 3),
(46, 95, 3),
(46, 96, 3),
(46, 97, 3),
(46, 98, 3),
(46, 99, 3),
(46, 100, 2),
(46, 101, 1),
(46, 102, 3),
(46, 103, 3),
(46, 104, 3),
(47, 79, 2),
(47, 80, 2),
(47, 81, 2),
(47, 82, 2),
(47, 83, 2),
(47, 84, 2),
(47, 85, 2),
(47, 86, 2),
(47, 87, 2),
(47, 88, 3),
(47, 89, 2),
(47, 90, 2),
(47, 91, 3),
(47, 92, 2),
(47, 93, 2),
(47, 94, 2),
(47, 95, 2),
(47, 96, 2),
(47, 97, 2),
(47, 98, 2),
(47, 99, 2),
(47, 100, 2),
(47, 101, 2),
(47, 102, 2),
(47, 103, 2),
(47, 104, 2),
(48, 79, 2),
(48, 80, 3),
(48, 81, 3),
(48, 82, 3),
(48, 83, 2),
(48, 84, 2),
(48, 85, 2),
(48, 86, 2),
(48, 87, 2),
(48, 88, 2),
(48, 89, 2),
(48, 90, 2),
(48, 91, 2),
(48, 92, 3),
(48, 93, 3),
(48, 94, 3),
(48, 95, 2),
(48, 96, 2),
(48, 97, 3),
(48, 98, 2),
(48, 99, 2),
(48, 100, 2),
(48, 101, 3),
(48, 102, 3),
(48, 103, 2),
(48, 104, 3),
(49, 79, 2),
(49, 80, 2),
(49, 81, 4),
(49, 82, 2),
(49, 83, 1),
(49, 84, 1),
(49, 85, 1),
(49, 86, 1),
(49, 87, 1),
(49, 88, 1),
(49, 89, 2),
(49, 90, 1),
(49, 91, 2),
(49, 92, 3),
(49, 93, 1),
(49, 94, 1),
(49, 95, 2),
(49, 96, 2),
(49, 97, 2),
(49, 98, 2),
(49, 99, 2),
(49, 100, 1),
(49, 101, 2),
(49, 102, 1),
(49, 103, 2),
(49, 104, 2),
(50, 79, 2),
(50, 80, 2),
(50, 81, 2),
(50, 82, 2),
(50, 83, 2),
(50, 84, 1),
(50, 85, 2),
(50, 86, 2),
(50, 87, 1),
(50, 88, 1),
(50, 89, 2),
(50, 90, 1),
(50, 91, 2),
(50, 92, 2),
(50, 93, 2),
(50, 94, 1),
(50, 95, 2),
(50, 96, 2),
(50, 97, 3),
(50, 98, 2),
(50, 99, 2),
(50, 100, 2),
(50, 101, 2),
(50, 102, 3),
(50, 103, 2),
(50, 104, 4),
(51, 79, 2),
(51, 80, 2),
(51, 81, 2),
(51, 82, 2),
(51, 83, 1),
(51, 84, 1),
(51, 85, 1),
(51, 86, 1),
(51, 87, 1),
(51, 88, 1),
(51, 89, 1),
(51, 90, 1),
(51, 91, 2),
(51, 92, 2),
(51, 93, 2),
(51, 94, 2),
(51, 95, 1),
(51, 96, 2),
(51, 97, 2),
(51, 98, 1),
(51, 99, 2),
(51, 100, 1),
(51, 101, 1),
(51, 102, 1),
(51, 103, 2),
(51, 104, 2),
(52, 79, 2),
(52, 80, 3),
(52, 81, 3),
(52, 82, 2),
(52, 83, 2),
(52, 84, 2),
(52, 85, 2),
(52, 86, 2),
(52, 87, 2),
(52, 88, 2),
(52, 89, 2),
(52, 90, 2),
(52, 91, 2),
(52, 92, 2),
(52, 93, 3),
(52, 94, 2),
(52, 95, 2),
(52, 96, 2),
(52, 97, 2),
(52, 98, 2),
(52, 99, 3),
(52, 100, 2),
(52, 101, 2),
(52, 102, 2),
(52, 103, 3),
(52, 104, 3),
(53, 79, 2),
(53, 80, 2),
(53, 81, 3),
(53, 82, 3),
(53, 83, 1),
(53, 84, 1),
(53, 85, 2),
(53, 86, 2),
(53, 87, 2),
(53, 88, 2),
(53, 89, 3),
(53, 90, 2),
(53, 91, 2),
(53, 92, 1),
(53, 93, 1),
(53, 94, 2),
(53, 95, 1),
(53, 96, 2),
(53, 97, 2),
(53, 98, 2),
(53, 99, 1),
(53, 100, 2),
(53, 101, 2),
(53, 102, 1),
(53, 103, 2),
(53, 104, 3),
(54, 79, 3),
(54, 80, 3),
(54, 81, 3),
(54, 82, 2),
(54, 83, 2),
(54, 84, 2),
(54, 85, 1),
(54, 86, 1),
(54, 87, 2),
(54, 88, 1),
(54, 89, 2),
(54, 90, 3),
(54, 91, 3),
(54, 92, 2),
(54, 93, 1),
(54, 94, 2),
(54, 95, 4),
(54, 96, 3),
(54, 97, 2),
(54, 98, 3),
(54, 99, 3),
(54, 100, 3),
(54, 101, 3),
(54, 102, 2),
(54, 103, 4),
(54, 104, 4),
(55, 79, 2),
(55, 80, 2),
(55, 81, 3),
(55, 82, 3),
(55, 83, 2),
(55, 84, 1),
(55, 85, 2),
(55, 86, 1),
(55, 87, 2),
(55, 88, 2),
(55, 89, 2),
(55, 90, 2),
(55, 91, 2),
(55, 92, 3),
(55, 93, 3),
(55, 94, 3),
(55, 95, 2),
(55, 96, 3),
(55, 97, 3),
(55, 98, 2),
(55, 99, 2),
(55, 100, 2),
(55, 101, 2),
(55, 102, 3),
(55, 103, 2),
(55, 104, 4),
(56, 79, 2),
(56, 80, 2),
(56, 81, 3),
(56, 82, 1),
(56, 83, 1),
(56, 84, 1),
(56, 85, 2),
(56, 86, 1),
(56, 87, 1),
(56, 88, 2),
(56, 89, 2),
(56, 90, 3),
(56, 91, 3),
(56, 92, 2),
(56, 93, 3),
(56, 94, 2),
(56, 95, 2),
(56, 96, 2),
(56, 97, 3),
(56, 98, 3),
(56, 99, 2),
(56, 100, 1),
(56, 101, 2),
(56, 102, 2),
(56, 103, 3),
(56, 104, 3),
(57, 79, 2),
(57, 80, 3),
(57, 81, 3),
(57, 82, 3),
(57, 83, 2),
(57, 84, 2),
(57, 85, 1),
(57, 86, 2),
(57, 87, 2),
(57, 88, 1),
(57, 89, 2),
(57, 90, 3),
(57, 91, 2),
(57, 92, 3),
(57, 93, 3),
(57, 94, 3),
(57, 95, 3),
(57, 96, 3),
(57, 97, 3),
(57, 98, 3),
(57, 99, 3),
(57, 100, 3),
(57, 101, 3),
(57, 102, 2),
(57, 103, 3),
(57, 104, 3),
(58, 79, 3),
(58, 80, 3),
(58, 81, 3),
(58, 82, 2),
(58, 83, 2),
(58, 84, 1),
(58, 85, 1),
(58, 86, 1),
(58, 87, 2),
(58, 88, 2),
(58, 89, 2),
(58, 90, 2),
(58, 91, 2),
(58, 92, 1),
(58, 93, 2),
(58, 94, 2),
(58, 95, 1),
(58, 96, 1),
(58, 97, 2),
(58, 98, 3),
(58, 99, 3),
(58, 100, 2),
(58, 101, 2),
(58, 102, 1),
(58, 103, 2),
(58, 104, 2),
(59, 79, 3),
(59, 80, 3),
(59, 81, 3),
(59, 82, 3),
(59, 83, 2),
(59, 84, 1),
(59, 85, 2),
(59, 86, 2),
(59, 87, 2),
(59, 88, 2),
(59, 89, 2),
(59, 90, 2),
(59, 91, 2),
(59, 92, 2),
(59, 93, 3),
(59, 94, 3),
(59, 95, 2),
(59, 96, 3),
(59, 97, 3),
(59, 98, 3),
(59, 99, 2),
(59, 100, 2),
(59, 101, 2),
(59, 102, 2),
(59, 103, 2),
(59, 104, 3),
(60, 79, 3),
(60, 80, 3),
(60, 81, 3),
(60, 82, 2),
(60, 83, 2),
(60, 84, 2),
(60, 85, 3),
(60, 86, 1),
(60, 87, 1),
(60, 88, 2),
(60, 89, 3),
(60, 90, 1),
(60, 91, 1),
(60, 92, 1),
(60, 93, 1),
(60, 94, 1),
(60, 95, 1),
(60, 96, 3),
(60, 97, 3),
(60, 98, 3),
(60, 99, 3),
(60, 100, 2),
(60, 101, 2),
(60, 102, 2),
(60, 103, 2),
(60, 104, 2),
(61, 79, 2),
(61, 80, 3),
(61, 81, 3),
(61, 82, 3),
(61, 83, 1),
(61, 84, 2),
(61, 85, 2),
(61, 86, 2),
(61, 87, 2),
(61, 88, 2),
(61, 89, 2),
(61, 90, 2),
(61, 91, 2),
(61, 92, 2),
(61, 93, 2),
(61, 94, 2),
(61, 95, 2),
(61, 96, 3),
(61, 97, 2),
(61, 98, 3),
(61, 99, 3),
(61, 100, 3),
(61, 101, 2),
(61, 102, 2),
(61, 103, 2),
(61, 104, 2),
(62, 79, 2),
(62, 80, 3),
(62, 81, 3),
(62, 82, 3),
(62, 83, 1),
(62, 84, 1),
(62, 85, 2),
(62, 86, 2),
(62, 87, 1),
(62, 88, 2),
(62, 89, 2),
(62, 90, 3),
(62, 91, 2),
(62, 92, 3),
(62, 93, 2),
(62, 94, 2),
(62, 95, 2),
(62, 96, 2),
(62, 97, 3),
(62, 98, 2),
(62, 99, 2),
(62, 100, 2),
(62, 101, 2),
(62, 102, 2),
(62, 103, 2),
(62, 104, 3),
(63, 79, 2),
(63, 80, 3),
(63, 81, 3),
(63, 82, 2),
(63, 83, 2),
(63, 84, 2),
(63, 85, 2),
(63, 86, 2),
(63, 87, 2),
(63, 88, 3),
(63, 89, 2),
(63, 90, 2),
(63, 91, 3),
(63, 92, 2),
(63, 93, 2),
(63, 94, 3),
(63, 95, 2),
(63, 96, 2),
(63, 97, 3),
(63, 98, 3),
(63, 99, 2),
(63, 100, 3),
(63, 101, 2),
(63, 102, 3),
(63, 103, 3),
(63, 104, 2),
(64, 79, 2),
(64, 80, 2),
(64, 81, 3),
(64, 82, 3),
(64, 83, 1),
(64, 84, 2),
(64, 85, 2),
(64, 86, 2),
(64, 87, 2),
(64, 88, 2),
(64, 89, 2),
(64, 90, 3),
(64, 91, 3),
(64, 92, 2),
(64, 93, 2),
(64, 94, 3),
(64, 95, 2),
(64, 96, 2),
(64, 97, 2),
(64, 98, 2),
(64, 99, 2),
(64, 100, 2),
(64, 101, 3),
(64, 102, 2),
(64, 103, 2),
(64, 104, 3),
(65, 79, 2),
(65, 80, 2),
(65, 81, 2),
(65, 82, 1),
(65, 83, 2),
(65, 84, 2),
(65, 85, 1),
(65, 86, 1),
(65, 87, 1),
(65, 88, 2),
(65, 89, 2),
(65, 90, 1),
(65, 91, 3),
(65, 92, 2),
(65, 93, 3),
(65, 94, 3),
(65, 95, 3),
(65, 96, 3),
(65, 97, 3),
(65, 98, 2),
(65, 99, 1),
(65, 100, 2),
(65, 101, 2),
(65, 102, 2),
(65, 103, 3),
(65, 104, 3),
(66, 79, 2),
(66, 80, 4),
(66, 81, 3),
(66, 82, 3),
(66, 83, 3),
(66, 84, 1),
(66, 85, 2),
(66, 86, 2),
(66, 87, 1),
(66, 88, 2),
(66, 89, 2),
(66, 90, 2),
(66, 91, 2),
(66, 92, 2),
(66, 93, 2),
(66, 94, 2),
(66, 95, 1),
(66, 96, 1),
(66, 97, 2),
(66, 98, 3),
(66, 99, 3),
(66, 100, 2),
(66, 101, 2),
(66, 102, 1),
(66, 103, 2),
(66, 104, 3),
(67, 79, 2),
(67, 80, 2),
(67, 81, 2),
(67, 82, 2),
(67, 83, 1),
(67, 84, 1),
(67, 85, 3),
(67, 86, 2),
(67, 87, 1),
(67, 88, 2),
(67, 89, 2),
(67, 90, 2),
(67, 91, 2),
(67, 92, 2),
(67, 93, 2),
(67, 94, 2),
(67, 95, 2),
(67, 96, 2),
(67, 97, 2),
(67, 98, 2),
(67, 99, 1),
(67, 100, 2),
(67, 101, 2),
(67, 102, 2),
(67, 103, 2),
(67, 104, 2),
(68, 79, 3),
(68, 80, 3),
(68, 81, 3),
(68, 82, 2),
(68, 83, 2),
(68, 84, 1),
(68, 85, 1),
(68, 86, 1),
(68, 87, 2),
(68, 88, 2),
(68, 89, 2),
(68, 90, 2),
(68, 91, 2),
(68, 92, 1),
(68, 93, 2),
(68, 94, 2),
(68, 95, 1),
(68, 96, 1),
(68, 97, 2),
(68, 98, 3),
(68, 99, 3),
(68, 100, 2),
(68, 101, 2),
(68, 102, 1),
(68, 103, 2),
(68, 104, 2),
(69, 79, 2),
(69, 80, 4),
(69, 81, 4),
(69, 82, 4),
(69, 83, 4),
(69, 84, 2),
(69, 85, 2),
(69, 86, 2),
(69, 87, 2),
(69, 88, 2),
(69, 89, 2),
(69, 90, 2),
(69, 91, 2),
(69, 92, 2),
(69, 93, 3),
(69, 94, 2),
(69, 95, 2),
(69, 96, 2),
(69, 97, 2),
(69, 98, 2),
(69, 99, 2),
(69, 100, 2),
(69, 101, 2),
(69, 102, 2),
(69, 103, 2),
(69, 104, 2),
(70, 79, 1),
(70, 80, 1),
(70, 81, 2),
(70, 82, 2),
(70, 83, 2),
(70, 84, 1),
(70, 85, 1),
(70, 86, 1),
(70, 87, 1),
(70, 88, 1),
(70, 89, 2),
(70, 90, 2),
(70, 91, 2),
(70, 92, 2),
(70, 93, 2),
(70, 94, 1),
(70, 95, 2),
(70, 96, 1),
(70, 97, 2),
(70, 98, 1),
(70, 99, 1),
(70, 100, 1),
(70, 101, 2),
(70, 102, 1),
(70, 103, 1),
(70, 104, 1);

-- --------------------------------------------------------

--
-- Struktur dari tabel `tipekecanduan`
--

CREATE TABLE `tipekecanduan` (
  `id` int(11) NOT NULL,
  `tipekecanduan` varchar(200) NOT NULL,
  `keterangan` varchar(200) NOT NULL,
  `solusi` varchar(200) NOT NULL
) ENGINE=InnoDB DEFAULT CHARSET=utf8mb4;

--
-- Dumping data untuk tabel `tipekecanduan`
--

INSERT INTO `tipekecanduan` (`id`, `tipekecanduan`, `keterangan`, `solusi`) VALUES
(1, 'Ringan', 'Keterangan Ringan', 'Solusi Ringan'),
(2, 'Sedang', 'Sedang', 'a'),
(3, 'Berat', 'Berat', 'Solusi Berat');

-- --------------------------------------------------------

--
-- Struktur dari tabel `users`
--

CREATE TABLE `users` (
  `id` int(11) NOT NULL,
  `username` varchar(100) NOT NULL,
  `password` varchar(100) NOT NULL,
  `email` varchar(255) NOT NULL DEFAULT '',
  `level` enum('admin','user') NOT NULL
) ENGINE=InnoDB DEFAULT CHARSET=utf8mb4;

--
-- Dumping data untuk tabel `users`
--

INSERT INTO `users` (`id`, `username`, `password`, `email`, `level`) VALUES
(1, 'admin', '21232f297a57a5a743894a0e4a801fc3', '', 'admin'),
(4, 'fahrul1712', '334250845a71837c5ec8fee9fba428dd', 'fahrulwireline@gmail.com', 'user'),
(5, 'sarah008', 'c4ea344b846c86004a85b2a108cacdde', 'sarah008@gmail.com', 'user');

--
-- Indexes for dumped tables
--

--
-- Indeks untuk tabel `coba`
--
ALTER TABLE `coba`
  ADD PRIMARY KEY (`Id`);

--
-- Indeks untuk tabel `datalatih`
--
ALTER TABLE `datalatih`
  ADD PRIMARY KEY (`id`),
  ADD KEY `tipekecanduan` (`idtipekecanduan`);

--
-- Indeks untuk tabel `datauji`
--
ALTER TABLE `datauji`
  ADD PRIMARY KEY (`Id`),
  ADD KEY `iduser` (`iduser`);

--
-- Indeks untuk tabel `detail_datauji`
--
ALTER TABLE `detail_datauji`
  ADD KEY `detail_datauji_ibfk_1` (`id_datauji`);

--
-- Indeks untuk tabel `gejala`
--
ALTER TABLE `gejala`
  ADD PRIMARY KEY (`id`);

--
-- Indeks untuk tabel `tipekecanduan`
--
ALTER TABLE `tipekecanduan`
  ADD PRIMARY KEY (`id`);

--
-- Indeks untuk tabel `users`
--
ALTER TABLE `users`
  ADD PRIMARY KEY (`id`);

--
-- AUTO_INCREMENT untuk tabel yang dibuang
--

--
-- AUTO_INCREMENT untuk tabel `coba`
--
ALTER TABLE `coba`
  MODIFY `Id` int(11) NOT NULL AUTO_INCREMENT;

--
-- AUTO_INCREMENT untuk tabel `datalatih`
--
ALTER TABLE `datalatih`
  MODIFY `id` int(11) NOT NULL AUTO_INCREMENT, AUTO_INCREMENT=71;

--
-- AUTO_INCREMENT untuk tabel `datauji`
--
ALTER TABLE `datauji`
  MODIFY `Id` int(11) NOT NULL AUTO_INCREMENT, AUTO_INCREMENT=11;

--
-- AUTO_INCREMENT untuk tabel `gejala`
--
ALTER TABLE `gejala`
  MODIFY `id` int(11) NOT NULL AUTO_INCREMENT, AUTO_INCREMENT=105;

--
-- AUTO_INCREMENT untuk tabel `tipekecanduan`
--
ALTER TABLE `tipekecanduan`
  MODIFY `id` int(11) NOT NULL AUTO_INCREMENT, AUTO_INCREMENT=5;

--
-- AUTO_INCREMENT untuk tabel `users`
--
ALTER TABLE `users`
  MODIFY `id` int(11) NOT NULL AUTO_INCREMENT, AUTO_INCREMENT=6;

--
-- Ketidakleluasaan untuk tabel pelimpahan (Dumped Tables)
--

--
-- Ketidakleluasaan untuk tabel `datalatih`
--
ALTER TABLE `datalatih`
  ADD CONSTRAINT `datalatih_ibfk_1` FOREIGN KEY (`idtipekecanduan`) REFERENCES `tipekecanduan` (`id`);

--
-- Ketidakleluasaan untuk tabel `datauji`
--
ALTER TABLE `datauji`
  ADD CONSTRAINT `datauji_ibfk_1` FOREIGN KEY (`iduser`) REFERENCES `users` (`id`) ON DELETE CASCADE;

--
-- Ketidakleluasaan untuk tabel `detail_datauji`
--
ALTER TABLE `detail_datauji`
  ADD CONSTRAINT `detail_datauji_ibfk_1` FOREIGN KEY (`id_datauji`) REFERENCES `datauji` (`Id`) ON DELETE CASCADE;
COMMIT;

/*!40101 SET CHARACTER_SET_CLIENT=@OLD_CHARACTER_SET_CLIENT */;
/*!40101 SET CHARACTER_SET_RESULTS=@OLD_CHARACTER_SET_RESULTS */;
/*!40101 SET COLLATION_CONNECTION=@OLD_COLLATION_CONNECTION */;
